project,hottest_box,hottest_peak_C,overall_avg_peak_C,gpu_peak_C,hbm_peak_C,num_boxes
ECTC_2p5D_1GPU_8high_110325_higherHTC,Power_Source,82.12581366706739,80.58213659456054,81.39957646439854,80.79739898591816,57
ECTC_3D_1GPU_8high_110325_higherHTC,Power_Source,111.17191089353764,108.39099476136825,109.28714537548885,108.95500933024945,61
ECTC_3D_1GPU_8high_120125_higherHTC,Power_Source,109.09405528150998,107.16677039603985,106.79252063232181,107.23705344378385,61
