project,hottest_box,hottest_peak_C,overall_avg_peak_C,gpu_peak_C,hbm_peak_C,num_boxes
ECTC_2p5D_1GPU_8high_110325_higherHTC,Power_Source,82.12581,80.5821378947368,81.39958,80.79740000000001,57
ECTC_3D_1GPU_8high_110325_higherHTC,Power_Source,111.17191,108.3909957377049,109.28715,108.95501,61
ECTC_3D_1GPU_8high_120125_higherHTC,Power_Source,109.09406,107.1667706557377,106.79252,107.23705000000001,61
